seg_id,time_to_failure
seg_00030f,-15.949953684539194
seg_0012b5,-5.895959117482571
seg_00184e,-28.06837597812619
seg_003339,-0.8843303208405515
seg_0042cc,-18.2240005538357
seg_004314,-44.30623936017598
seg_004cd2,16.186291529920545
seg_004ee5,-28.341988318122716
seg_004f1f,26.127121807312136
